name,url,star,class_name,pos,tag,public_recruit,report
12F,https://prts.wiki/w/12F,2,术师,远程位,新手,True,感谢阁下让我加入这里，从今天开始，我将尽全力为您效劳——作为一名术师。一直以来我都没有名字，如果感觉不方便的话，今后请用12F称呼我。
Castle-3,https://prts.wiki/w/Castle-3,1,近卫,近战位,"支援机械,支援",True,您好，博士，欢迎使用Castle-3！请点击任意位置以开始初始化首选项。
Friston-3,https://prts.wiki/w/Friston-3,1,重装,近战位,"支援机械,防护",True,你好，我是Friston。没错，就是“Friston”，不是什么“Friston-3”，我不是复制品，更不是复制品的复制品，希望你能理解。
Lancet-2,https://prts.wiki/w/Lancet-2,1,医疗,远程位,"支援机械,治疗",True,嗨，你好，博士。你在期待我能对你多说些什么，但我不能，毕竟我只是一台医疗机器人......
THRM-EX,https://prts.wiki/w/THRM-EX,1,特种,近战位,"支援机械,爆发",True,诞生于雷神工业，改进于伟大的梅尔之手，膨胀的炙热之心——Thermal-EX ，前来助阵！
U-Official,https://prts.wiki/w/U-Official,1,辅助,远程位,控场,False,呀嚯~观众朋友你们好，我是你们的尤......呀！不对不对，罗德岛干员，U-Official，向博士报到！
W,https://prts.wiki/w/W,6,狙击,远程位,"输出,控场",False,萨卡兹佣兵，W，真是好久不见，虽然这个“好久”可能含义不同。但没关系，既然现在的你不是我要找的你，那你暂时是安全的，暂时哦。
万顷,https://prts.wiki/w/万顷,5,先锋,近战位,"费用回复,支援",False,为什么叫“万顷”？这名字是老师从大荒城成功的实验稻品种里选的，剩下的是防涝三号、早优八号、抗冻十一......“万顷”已经是里面最好听的了。
临光,https://prts.wiki/w/临光,5,重装,近战位,"防护,治疗",True,玛嘉烈·临光，卡西米尔耀骑士......不，就让我作为一名罗德岛干员，用这面盾牌捍卫您的生命、您的荣耀。
乌有,https://prts.wiki/w/乌有,5,特种,近战位,"快速复活,输出",False,代号是吧，“乌有”，子虚乌有的乌有，您就是博士？就是我新老板啦？哎，要捶背不？要揉揉腿吗？
九色鹿,https://prts.wiki/w/九色鹿,5,辅助,远程位,"支援,生存",False,初次见面，我是九色鹿。嗯？这个花纹很好看吗？谢，谢谢......以后请多多关照了。
亚叶,https://prts.wiki/w/亚叶,5,医疗,远程位,"治疗,输出",False,我是医疗部的亚叶，现在开始参加战地医疗任务，同时应凯尔希老师的要求，对您的健康情况进行管理，请多指教。
仇白,https://prts.wiki/w/仇白,6,近卫,近战位,"输出,控场",False,博士，我是仇白。此行会在罗德岛待多久，我还不清楚，但哪怕萍水相逢，也算一段际遇。我们应该能处得来。
令,https://prts.wiki/w/令,6,辅助,远程位,"召唤,支援,控场",False,令，如此称呼我就好，我那两个麻烦妹妹没给您添麻烦吧？唔？见过我？啊......也许是在梦中吧。
伊内丝,https://prts.wiki/w/伊内丝,6,先锋,近战位,"费用回复,快速复活",False,阿斯卡纶给你看过我的档案了。信使......还是雇佣兵？这不重要。你只需要知道，我暂时不会威胁你的性命，“博士”。
伊桑,https://prts.wiki/w/伊桑,4,特种,近战位,"输出,控场",False,你问我在哪儿？就在你面前！叫我伊桑吧。你问我刚才发生了啥？哈哈，现在还不能说哦！
伊芙利特,https://prts.wiki/w/伊芙利特,6,术师,远程位,"群攻,削弱",True,我就是伊芙利特！赫默说罗德岛是个好地方，但我不喜欢你们这些穿白大衣的家伙......除了赫默之外。
休谟斯,https://prts.wiki/w/休谟斯,4,近卫,近战位,"输出,生存",False,博士，你们罗德岛帮了我那么多，我除了感激没话说。你要是用得上我，尽管说，一定想办法给你办成！
伺夜,https://prts.wiki/w/伺夜,6,先锋,远程位,"费用回复,控场",False,你好，博士，我是贝洛内家族的......算了，如今我的家族已不复存在，但这份代价也为叙拉古带来了足够的改变。至于更进一步......干员伺夜向你报到，博士，希望我们合作愉快。
但书,https://prts.wiki/w/但书,5,辅助,远程位,"削弱,减速",False,您好，我叫黛丝特，是刚入职的法律顾问。如果需要一个代号的话，就叫我但书吧。姑且一提，一般公司用代号模糊员工身份的做法，在我这可行不通哦。
假日威龙陈,https://prts.wiki/w/假日威龙陈,6,狙击,远程位,"输出,群攻",False,陈，从多索雷斯度假归来。关于这次度假，我有不少报告要写，所以只是路过来跟你打个招呼，博士。要出任务了叫我，假期结束了，一切照旧。
傀影,https://prts.wiki/w/傀影,6,特种,近战位,"快速复活,控场,输出",True,代号傀影，黑夜中的幽灵，幕布后的幻影。告诉我，你的敌人在哪，是谁......
克洛丝,https://prts.wiki/w/克洛丝,3,狙击,远程位,输出,True,嗨~嗨~我是克洛丝哦~我还不成熟，从今天开始会加油的~
冰酿,https://prts.wiki/w/冰酿,5,狙击,远程位,输出,False,博士，你好，我和杰西卡一道来替我们拓荒地的感染者联系医疗服务。杰西卡经常讲起你们的事，我想我们的合作会很愉快的。
凛冬,https://prts.wiki/w/凛冬,5,先锋,近战位,"费用回复,支援",True,凛冬，乌萨斯学生自治团团长。我自己怎么样无所谓，但现在我的同伴需要一个安身之处。好了，快给我安排些工作，我知道在这里生活不是免费的。
凛视,https://prts.wiki/w/凛视,5,辅助,远程位,元素,False,您和我见过的一样......不，请别在意。我是从萨米群山的岩窟中走出来的独眼巨人，见到黑暗迫近，因此寻求合作。请叫我凛视吧。
凯尔希,https://prts.wiki/w/凯尔希,6,医疗,远程位,"召唤,治疗",False,博士，我出现在这里，说明局势不容乐观。你需要专心......继续完成你的使命。
初雪,https://prts.wiki/w/初雪,5,辅助,远程位,削弱,True,嘘，我是偷偷跑出来——啊，嗯，人事主管你也在啊，是的，我是来协助罗德岛的。喀兰圣女，初雪，向你献上至洁的祝福。
刺玫,https://prts.wiki/w/刺玫,5,医疗,远程位,治疗,False,博士，刺玫向您报到。欸，洛洛小姐为我准备的稿子后面是什么来着......总之，请您先收下这朵花！它代表着好运哦。
刻俄柏,https://prts.wiki/w/刻俄柏,6,术师,远程位,"输出,控场",True,你好像还挺和善的，是叫博士对吧。我是刻俄柏，要是觉得拗口可以叫我小刻，以后就在你这儿待着了。
刻刀,https://prts.wiki/w/刻刀,4,近卫,近战位,"爆发,输出",True,刻刀，只是个普通的雇佣兵。我得了矿石病，所以打算用我的能力换取治疗机会，这把刀应该还能派上些用场......嗯，就是这样。
华法琳,https://prts.wiki/w/华法琳,5,医疗,远程位,"治疗,支援",True,我，华法琳，血液学专科医师。比起普通的治疗法术，我会利用血液学相关知识和经验，为你们提供比常规方式更好的医疗保障。那么，请多关照啦。
卡夫卡,https://prts.wiki/w/卡夫卡,5,特种,近战位,"快速复活,控场",False,找卡夫卡有什么事吗......喂，不要当着这么多人说出来啊。当我是个普通的园艺师就好啦。
卡涅利安,https://prts.wiki/w/卡涅利安,6,术师,远程位,"群攻,防护",False,你好，你就是博士吧？我是卡涅利安，霍恩洛厄伯爵的侍卫......啊，在罗德岛我就只是普通干员而已，还请不要对我妹妹说些多余的事，好吗？
卡缇,https://prts.wiki/w/卡缇,3,重装,近战位,防护,False,你——好！我第一次来到这么大的移动设施里面，现在超兴奋的！我是卡缇族的梅莉，您就是博士吗？
卡达,https://prts.wiki/w/卡达,4,术师,远程位,"输出,控场",True,大家好，这里是卡达的频道！唉？不能在博士房间拍素材？好吧......
古米,https://prts.wiki/w/古米,4,重装,近战位,"防护,治疗",True,我是古米！您就是博士吗？感谢您和罗德岛的大家一起帮助了我们！古米没有特别的能力，但只要是能做到的就一定竭尽全力！就让古米成为博士的力量吧！
可颂,https://prts.wiki/w/可颂,5,重装,近战位,"防护,位移",True,我是可颂。老板您的运气可真好，能得到我这样安全可靠刀枪不入的优质干员！另外，现在雇佣我的话，还可以给您打八折哦！
史尔特尔,https://prts.wiki/w/史尔特尔,6,近卫,近战位,输出,True,我是史尔特尔，你就是他们说的博士吗。今后我会在罗德岛工作，希望你们不要让我觉得无聊。
史都华德,https://prts.wiki/w/史都华德,3,术师,远程位,输出,True,术师史都华德，从今天开始，还请您多多关照。
号角,https://prts.wiki/w/号角,6,重装,近战位,"输出,防护",False,风暴突击队队长号角，向您报到，罗德岛的博士。我已经见识了您的手段，还有罗德岛干员的作战素质。在接下来的合作中，我和我的士兵会听从您的指挥。
吽,https://prts.wiki/w/吽,5,重装,近战位,"防护,治疗",True,您就是老鲤说的博士了吧，您好，我是吽，擅长的是安保工作和机械修理，您要是出门缺个保镖，或者电视冰箱坏了，都可以叫我。
和弦,https://prts.wiki/w/和弦,5,术师,远程位,输出,False,您好，我的代号是“和弦”。为表诚意，请罗德岛收下这份有关维多利亚的文件。不必在意，这是回应感谢最基本的礼仪。期待我们以后的相处，博士。
哈洛德,https://prts.wiki/w/哈洛德,5,医疗,远程位,治疗,False,本以为终于要被发配边疆了，结果......这种时候，我是不是该说国家待我不薄？哦，抱歉抱歉，您就是我未来的长官对吧？一介普通军医，为您效劳。
嘉维尔,https://prts.wiki/w/嘉维尔,4,医疗,远程位,治疗,False,我是医疗术师嘉维尔。先说好了，对我，可不能以貌取人，明白吗？
四月,https://prts.wiki/w/四月,5,狙击,远程位,输出,True,罗德岛的设施和待遇竟然这么好......啊，抱歉，博士，我只是有些吃惊。我的代号就叫四月吧，嗯，来源是我最喜欢的一首歌哦。
因陀罗,https://prts.wiki/w/因陀罗,5,近卫,近战位,"输出,生存",True,老子是因陀罗，没什么乱七八糟的能力，干架靠的就是这双拳头。那么，请多关照！
图耶,https://prts.wiki/w/图耶,5,医疗,远程位,治疗,False,博士？他们说在这里你懂得比谁都多，那我可要好好看看。
圣约送葬人,https://prts.wiki/w/圣约送葬人,6,近卫,近战位,输出,False,你似乎很惊讶，博士。请放心，装备的变动不会影响我完成任务，如果你真的很在意，我可以在进入罗德岛之前更换回之前的服装。不必？好的。
地灵,https://prts.wiki/w/地灵,4,辅助,远程位,减速,True,地灵，地质学者兼术师，向你报道。我每天的工作时间是八小时，如果加班的话要额外支付加班费。
坚雷,https://prts.wiki/w/坚雷,4,重装,近战位,"防护,输出",False,磐石般坚硬，雷霆般致命，那就是我，坚雷。请多指教哦，博士。
埃拉托,https://prts.wiki/w/埃拉托,5,狙击,远程位,"输出,控场",False,这里就是罗德岛吧，终于，终于找到了......不，这一切都是命运指引的相逢，应该说正是时候！叫我埃拉托就好，请问帕拉斯在吗？
塑心,https://prts.wiki/w/塑心,6,辅助,远程位,"元素,支援",False,我本该用音乐来介绍自己，只可惜，我暂时被禁止为您演奏。那么，从起一个代号开始吧......您可以叫我，“塑心”。
塞雷娅,https://prts.wiki/w/塞雷娅,6,重装,近战位,"防护,治疗,支援",True,塞雷娅，原莱茵生命研究所实验组成员。至于现在......为了让偏离传统的事物回归正途，我需要罗德岛的协助。
夏栎,https://prts.wiki/w/夏栎,5,辅助,远程位,"支援,生存",False,你好，博士，叫我夏栎就好。虽然这是初次见面，但你桌上那些维多利亚北部的情报，就是我发回来的......喂，连你也要说我报告格式不标准？
夕,https://prts.wiki/w/夕,6,术师,远程位,"群攻,输出,控场",False,啊？博士？又是合同？好了好了，签了以后你可别再来烦我。拿去......事先讲好，夕我，从不送画，谁都不送。也不接单！
多萝西,https://prts.wiki/w/多萝西,6,特种,远程位,"召唤,控场",False,你好，我是多萝西。是的，我是莱茵生命源石技艺应用科的主任......赫默医生已经向罗德岛介绍过我了吗？不用客气，还是叫我多萝西吧。
夜刀,https://prts.wiki/w/夜刀,2,先锋,近战位,新手,True,先锋干员夜刀，你——就是我要保护的人吗？
夜半,https://prts.wiki/w/夜半,5,先锋,远程位,"费用回复,控场",False,你就是罗德岛上最强的战术家？我叫夜半，麻烦跟我较量一下。要是我输了的话，以后你就是我老大，要负责好好教我的。
夜烟,https://prts.wiki/w/夜烟,4,术师,远程位,"输出,削弱",True,你好~叫我夜烟~我喜欢轻轻松松的工作环境，和一个不会向我问这问那的雇主~
夜莺,https://prts.wiki/w/夜莺,6,医疗,远程位,"治疗,支援",True,丽兹，这是我真正的名字。除此之外的事情，我都不记得了......
夜魔,https://prts.wiki/w/夜魔,5,术师,远程位,"输出,治疗,减速",True,夜魔......啊，这只是我的代号。我的名字是葛罗莉亚，如果能叫我的名字，我会很高兴的......我很害怕，那个代号......
天火,https://prts.wiki/w/天火,5,术师,远程位,"群攻,控场",False,“王者之杖”所属，天火。在达成目的之前，我会暂时在罗德岛停留。目的？当然是将整合运动焚烧殆尽。
奥斯塔,https://prts.wiki/w/奥斯塔,5,狙击,远程位,群攻,False,博士，你好。我叫奥斯塔。之前承蒙照顾，我们三个人才没有被干掉。不嫌弃的话，请让我们在这里工作一段时间吧。
子月,https://prts.wiki/w/子月,5,狙击,远程位,"输出,生存",False,阿涅塞叫我子月，你也可以这么喊我。我听说这里有一个地方叫食堂，可以随便吃饭，真的吗？在哪？我现在就可以过去吗？
孑,https://prts.wiki/w/孑,4,特种,近战位,"快速复活,输出",True,老板好，我叫孑。星熊警官说我更适合在这里做事，我就来了。我懂水产，会做菜，刀功也还可以，应该能帮上忙。
守林人,https://prts.wiki/w/守林人,5,狙击,远程位,"输出,爆发",True,狙击手守林人。为了复仇，我需要强大力量的帮助。
安哲拉,https://prts.wiki/w/安哲拉,5,狙击,远程位,"输出,减速",True,我之前是莫妮卡......哦，现在应该叫她白炽了，反正算是她的保镖吧。这次她终于找到了正经工作，我也可以做些别的事了，总之，请多关照。
安德切尔,https://prts.wiki/w/安德切尔,3,狙击,远程位,输出,True,我是拉特兰出身，担任狙击干员的安德切尔。虽然我还没有得到铳的使用权，不过说到弩的灵活运用，我不会输给前辈们的！
安比尔,https://prts.wiki/w/安比尔,4,狙击,远程位,"输出,减速",True,安比尔，狙击手，拉特兰出身......说明身份什么的真麻烦，就这样吧。喏，刚开包的巧克力，你也来一根。
安洁莉娜,https://prts.wiki/w/安洁莉娜,6,辅助,远程位,"减速,输出,支援",False,我是来自叙拉古的信使，安心院安洁莉娜。嗯，叫我安洁莉娜就可以了。我能用博士来称呼博士你吗？
安赛尔,https://prts.wiki/w/安赛尔,3,医疗,远程位,治疗,True,我是实习医生安赛尔，今后将承担一些外科医疗方面的辅助工作，还请您多多指教。
宴,https://prts.wiki/w/宴,4,近卫,近战位,"输出,生存",True,你好呀博士，我是刚当上干员没多久的宴，兴趣是......嗯，不用那么详细吗？那，以后就请您多多关照了哦。
寒檀,https://prts.wiki/w/寒檀,5,术师,远程位,"群攻,控场",False,她在部族的寒檀木下降生，所以那成为了她的名字、代号，以及生命的一部分。一位黜人回归部族，以此重获使用名字的权利。她将为她的新族长尽心尽力。
寒芒克洛丝,https://prts.wiki/w/寒芒克洛丝,5,狙击,远程位,输出,False,嗨~博士，我回来了，最近没有发生什么棘手的事情吧。哈哈，那就好，我先回去休息啦，如果有目标要处理，记得和我打个招呼哦。
小满,https://prts.wiki/w/小满,5,辅助,远程位,"减速,控场",False,是黍姐姐带我过来玩的！我好像还在要她签字的文件上写了我的名字......？不过黍姐姐说不要紧，签字之后我就可以经常来这里玩！
山,https://prts.wiki/w/山,6,近卫,近战位,"输出,生存",False,既然你们救了我，那我也必须对你们诚实，博士。我的目标是莱茵生命中的某个部门，不想破坏你们的友谊的话，你现在还有机会让我离开。
崖心,https://prts.wiki/w/崖心,5,特种,近战位,"位移,输出",True,我就是将要触摸天际的崖心，请多关照！
嵯峨,https://prts.wiki/w/嵯峨,6,先锋,近战位,"费用回复,输出",False,你就是博士？你好......啊，这种时候应该严肃一些对吧？咳咳，小僧名唤嵯峨，是一名云游僧，如果有用得到小僧的地方，任凭差遣！
巡林者,https://prts.wiki/w/巡林者,2,狙击,远程位,新手,True,狙击干员巡林者，等候差遣。
左乐,https://prts.wiki/w/左乐,6,近卫,近战位,"输出,生存",False,博士，我叫左乐。罗德岛上代理人的数量，快赶上炎国本土了，司岁台早就该派人过来一趟。其实我们之前便寄过一封公函。只不过，贵司似乎忘了回复？
巫恋,https://prts.wiki/w/巫恋,5,辅助,远程位,削弱,True,新名字是巫恋......这是小莫提......至于其他的事情......你最好不要知道，小莫提说过，这对大家都不好......
布丁,https://prts.wiki/w/布丁,4,术师,远程位,输出,False,您好，我是来自哥伦比亚的电气工程师，代号......可露希尔小姐说，就叫“布丁”了，会不会很奇怪啊......
布洛卡,https://prts.wiki/w/布洛卡,5,近卫,近战位,"群攻,生存",True,既然贾维决定加入你们，我也没什么好说的。你可以叫我布洛卡，我会听你的命令，但别指望我做多余的事，我对你们这样的大组织可没有好感。
帕拉斯,https://prts.wiki/w/帕拉斯,6,近卫,近战位,"输出,支援",False,我是来自米诺斯的祭司帕拉斯，会在罗德岛休息一段时间......虽然这么说，我渴望受到美酒和戏剧招待，更渴望走向战场。
年,https://prts.wiki/w/年,6,重装,近战位,"防护,支援",False,有人吗？贵公司的员工和我说这里生活条件很好，免费食宿，还有多种多样的娱乐方式......闲杂人员不得入内？哎，别这样，给个面子嘛。
幽灵鲨,https://prts.wiki/w/幽灵鲨,5,近卫,近战位,"群攻,生存",True,幽灵鲨......那些‘死者’都这样称呼我。那位医生告诉我，继续获得治疗的条件，是为罗德岛而战。嗯，我会的，我会把我的力量，全都献给你们。
异客,https://prts.wiki/w/异客,6,术师,远程位,输出,False,您的干员，异客。很期待与您共事，博士，我们都会享受这个过程的。
归溟幽灵鲨,https://prts.wiki/w/归溟幽灵鲨,6,特种,近战位,"输出,快速复活",False,我认识你，你也认识我，我们应该省去无趣的“初次见面”。但你还不了解我，我也不了解你。在我的记忆中，陆上的人互相了解的方式倒是并不令人困惑，所以，来交流吧。
微风,https://prts.wiki/w/微风,5,医疗,远程位,"治疗,支援",False,微风，来自多伦郡的游学者，很荣幸见到您，博士。正式的礼仪太麻烦了，所以就免了吧。
德克萨斯,https://prts.wiki/w/德克萨斯,5,先锋,近战位,"费用回复,控场",True,代号德克萨斯，职能包括载具驾驶、货物搬运以及人员安全保障。关于任务的说明，请尽量简单些。
惊蛰,https://prts.wiki/w/惊蛰,5,术师,远程位,输出,True,我已经同贵司签订了搜查协议，不必多虑，这完全是个人行为。如果你想，可以称呼我，惊蛰。问我是谁？忘了在哪见过我？什么？！
慑砂,https://prts.wiki/w/慑砂,5,狙击,远程位,"群攻,削弱",True,我知道你在寻找什么，罗德岛的博士，你渴望真相和强大！而我慑砂，愿意赐予你这份力量......哎别，别这样，别推我出门啊，我是认真来求职的！
慕斯,https://prts.wiki/w/慕斯,4,近卫,近战位,输出,True,你好......请、请叫我慕斯......那个，我的手，请您不要盯着我的手看......
战车,https://prts.wiki/w/战车,5,近卫,近战位,"爆发,输出",False,彩虹小队成员，代号战车。我准备好了，你将把我派去何方？
截云,https://prts.wiki/w/截云,5,狙击,远程位,"群攻,减速",False,你问我原本的名字吗？博士，难道你能听懂阿纳萨的语言......但我还是希望在罗德岛能继续用“截云”这个名字。这是师父取的，我很喜欢。
戴菲恩,https://prts.wiki/w/戴菲恩,5,术师,远程位,输出,False,我们互相省下自我介绍的工夫吧，我会把这份合同视作你认可我们合作方式的信物。我现在可以回去工作了吗，博士？
承曦格雷伊,https://prts.wiki/w/承曦格雷伊,5,狙击,远程位,"输出,减速",False,博士，您好，这套装备是我的毕业设计，其实本来没想设计成......咦？加入作战编制？这、这就是可露希尔小姐说的由博士来审核答辩吗......
折光,https://prts.wiki/w/折光,5,术师,远程位,"元素,输出",False,左手或右手的名片，请问您要哪一张？......宝石鉴定师，折光，很高兴认识您。别担心，选到另一张的话，您这里也没有值得我下手的对象。
拉普兰德,https://prts.wiki/w/拉普兰德,5,近卫,近战位,"输出,削弱",False,暴虐的恶人阻断正义的道路，我的主人啊，以复仇与恶意为名，引领弱小的人吧。
拜松,https://prts.wiki/w/拜松,5,重装,近战位,防护,False,初次见面，博士，我是拜松。按照合约内容，接下来我也会作为罗德岛的一员行动，请多指教。
掠风,https://prts.wiki/w/掠风,5,辅助,近战位,"输出,支援",False,博士好，我是掠风，工程部新干员。您说是看中了我的能力，这点真的十分感谢。
推进之王,https://prts.wiki/w/推进之王,6,先锋,近战位,"费用回复,输出",True,力量测试已经通过了吧。那么，请给我些任务，别让这把锤子太无聊。代号？大家都叫我“推进之王”，不是很好记，但我觉得还不错。
提丰,https://prts.wiki/w/提丰,6,狙击,远程位,输出,False,合作时要是遇到了异常现象，我会替你们处理......代号？我就叫提丰呀！这可是我在妈妈留下的角饰上找到的名字，虽然有些人说听起来很可怕。
摩根,https://prts.wiki/w/摩根,5,近卫,近战位,输出,False,嗨，博士，我是摩根。维娜说你想要我帮点忙？出出主意还是挥挥砍刀，你尽管说。
斑点,https://prts.wiki/w/斑点,3,重装,近战位,"防护,治疗",True,你好，我是隶属行动预备组A6的斑点，职责大概是保护预备组每天都在闹腾的另外几个家伙。
斥罪,https://prts.wiki/w/斥罪,6,重装,近战位,"生存,输出",False,我是拉维妮娅·法尔科内，现已不再担任叙拉古城邦法官，今日，我以干员斥罪的身份向您报到，希望与罗德岛的合作能稍稍弥补我曾经的过失。
断崖,https://prts.wiki/w/断崖,5,近卫,近战位,"输出,群攻",True,天灾信使护卫，断崖。 合作愉快。
断罪者,https://prts.wiki/w/断罪者,4,近卫,近战位,"输出,生存,控场,爆发",False,我乃断罪者，就以这个充满信念的名号作为代号吧。你问我有何才能？我懂得致命而美丽的断罪艺术！这就足够了！
斯卡蒂,https://prts.wiki/w/斯卡蒂,6,近卫,近战位,"输出,生存",True,斯卡蒂，赏金猎人。你真要签下我？我可是那种，会给你带来灾祸的人哦。
早露,https://prts.wiki/w/早露,6,狙击,远程位,"输出,控场",True,你好，博士，请允许我再次向罗德岛表达谢意，感谢你们能够收留我和我的朋友们。我已经在后勤部门休息得够久了，现在也让我做一些凛冬她们在做的事吧。
明椒,https://prts.wiki/w/明椒,5,医疗,远程位,治疗,False,嗨，从今天起我和我的小队就听博士你吩咐啦！叫我明椒就好。你似乎是个不错的雇主，但现在还只是考察期！我会一直盯着你的！
星极,https://prts.wiki/w/星极,5,近卫,近战位,"输出,防护",True,星象学者，星极，以近卫干员身份任职，今后就由您差遣了，博士。
星源,https://prts.wiki/w/星源,5,术师,远程位,输出,False,莱茵生命，埃琳娜·乌比卡研究员，很高兴认识你。在这里是要用代号互相称呼吧，啊没问题，那就叫我星源好了，简单又好记。
星熊,https://prts.wiki/w/星熊,6,重装,近战位,"防护,输出",True,星熊，重装干员，今后将是您的盾、您的利器、您的壁垒。请多多指教，博士。
晓歌,https://prts.wiki/w/晓歌,5,先锋,近战位,"费用回复,快速复活",False,您就是罗德岛的博士吗？......谢谢您的帮助，医药费我会还清的，除此之外，请先让我一个人待着吧。
普罗旺斯,https://prts.wiki/w/普罗旺斯,5,狙击,远程位,输出,True,我是普罗旺斯，是个普通的天灾工作者~您这样盯着我看，是在意我的尾巴吗~？
暗索,https://prts.wiki/w/暗索,4,特种,近战位,位移,True,我叫暗索，很高兴认识你。啊对了，你的饭卡还在这里，别忘记拿了。唔？为什么在我这儿？这是秘·密·哦。
暮落,https://prts.wiki/w/暮落,5,重装,近战位,"输出,防护",False,我设想过我们正式见面时的场景，博士，恰似现在。干员暮落，很高兴见到您。
暴行,https://prts.wiki/w/暴行,5,近卫,近战位,"群攻,爆发",False,博士，来自雷姆必拓的干员暴行向你报道！我一得到你和阿米娅的消息，就立刻赶过来帮忙啦！什么？你什么都不记得？唉唉？！
暴雨,https://prts.wiki/w/暴雨,5,重装,近战位,"防护,支援",False,（看起来，好像是个很和善的人，不知道真的像阿米娅说的那样好相处吗......）啊，那个，对不起，我、我走神了，干员代号，暴雨，报到。
月禾,https://prts.wiki/w/月禾,5,辅助,远程位,"支援,生存",True,初次见面，忘了介绍的礼数可不行。吾乃月禾，曾是东国一地的小小“灾巡”，能成为您的下属，真是不胜荣幸。
月见夜,https://prts.wiki/w/月见夜,3,近卫,近战位,输出,True,请露出你最美的笑容来，客人，在我的身边，幸福乃理应获得之物。月见夜，今后也随时恭候您的指名。
末药,https://prts.wiki/w/末药,4,医疗,远程位,治疗,True,那个，我是草药师末药.....这个代号是凯尔希医生为我指定的，据说，它指的是“生命的短暂”，医生说，她希望我要牢记这个寓意......
杏仁,https://prts.wiki/w/杏仁,5,特种,近战位,位移,False,我是此次黑钢派来与罗德岛交流的工程师，叫我杏仁就好。你就是杰西卡口中的博士？我可得好好看看你，嗯......也没有什么稀奇的嘛。
杜宾,https://prts.wiki/w/杜宾,4,近卫,近战位,"输出,支援",True,敬礼！曾属玻利瓦尔国民警备队，我是教官杜宾。长话短说，请把需受训干员的名单给我看一下。
杜林,https://prts.wiki/w/杜林,2,术师,远程位,新手,True,喂——喂！能听到我说话吗？低头看下面啦！初次见面，大个子的博士，我是术师，杜林哦。
杰克,https://prts.wiki/w/杰克,4,近卫,近战位,输出,False,博士你好！我是新加入的干员，代号杰克！我过去在哥伦比亚担任辅警，让我们好好相处吧！
杰西卡,https://prts.wiki/w/杰西卡,4,狙击,远程位,"输出,生存",True,请问是博士吗......您好，我是黑钢国际的杰西卡，我，我不太擅长自我介绍，呜......
松果,https://prts.wiki/w/松果,4,狙击,远程位,"群攻,输出",False,代号松果.....今天开始为罗德岛工作，唔......请问您看见我的便携蓄电池了吗？
极光,https://prts.wiki/w/极光,5,重装,近战位,"输出,防护",False,博士，我是极光。可露希尔老大经常提起你。我答应她，会保护你。
极境,https://prts.wiki/w/极境,5,先锋,近战位,"费用回复,支援",True,三号作战小队，先锋通讯员极境，前来报到。这应该还是头一次不是机械通讯，而是直接与你对话吧，博士？
林,https://prts.wiki/w/林,6,术师,远程位,"群攻,防护",False,博士，我们之前应该间接打过交道，现在终于有机会正式认识一下了。关于贫民区的感染者问题，由我们直接沟通会方便很多。
柏喙,https://prts.wiki/w/柏喙,5,近卫,近战位,"爆发,输出",False,您，您好博士......我的代号是柏喙......请问，这儿有针织缝纫室吗？
格劳克斯,https://prts.wiki/w/格劳克斯,5,辅助,远程位,"减速,控场",True,干员格劳克斯，今日报到。请问我可以回房间了吗？
格拉尼,https://prts.wiki/w/格拉尼,5,先锋,近战位,"费用回复,防护",False,骑警格拉尼，听到了博士你求助的声音！没问题的，从今天开始，我会拼尽全力保护你！
格雷伊,https://prts.wiki/w/格雷伊,4,术师,远程位,"群攻,减速",True,您、您好，我是格雷伊，电能相关的工作，还算擅长......那个，谢、谢谢您愿意收留我......！
桃金娘,https://prts.wiki/w/桃金娘,4,先锋,近战位,"费用回复,治疗",True,我来报到啦！你就是博士对吧？可以叫我桃金娘，杜林族的桃金娘。杜林说在这里能找到工作，所以，有什么我能做的事吗？别看我个子小，我还挺厉害的哦。
桑葚,https://prts.wiki/w/桑葚,5,医疗,远程位,治疗,False,您好，我是炎国灾害救援组织“春乾”派遣来学习的成员，我叫做......啊，对、对不起，这里要用代号的吧？非常抱歉，非常抱歉，请叫我桑葚就好！
梅,https://prts.wiki/w/梅,4,狙击,远程位,"输出,减速",True,我是皇家侦探，梅，请配合我的调查！欸？你说我找错地方了？不可能！我有那个企鹅潜藏在这里的证据！
梅尔,https://prts.wiki/w/梅尔,5,辅助,远程位,"召唤,控场",True,莱茵生命所属，鲁特拉工作室，竭诚为您服务。是的，没有其他成员，我一人就是整个工作室。很厉害吧！
梓兰,https://prts.wiki/w/梓兰,3,辅助,远程位,减速,True,预备行动组A6的组长，梓兰，前来报道。您就是博士吗，接下来的工作请多多关照。
棘刺,https://prts.wiki/w/棘刺,6,近卫,近战位,"输出,防护",True,你就是博士吗，自我介绍一下，代号棘刺，今天起就任——嗯？我的裤脚卷起来了？......不要在意，这是常有的事。
森蚺,https://prts.wiki/w/森蚺,6,重装,近战位,"输出,生存,防护",True,测试我都通过了，现在我可以留在这里了吧？我想学习建造Lancet-2那样会说话的机器......唔，代号？我的名字是祖玛玛，用名字不行吗？
槐琥,https://prts.wiki/w/槐琥,5,特种,近战位,"快速复活,削弱",True,请问这里就是罗德岛吗？你好，我是今天起在这里打工的槐琥，请严格要求我，我一定能满足各位的工作需求。嗯，一定。
歌蕾蒂娅,https://prts.wiki/w/歌蕾蒂娅,6,特种,近战位,"位移,输出,控场",False,博士，我是罗德岛阿戈尔事务的负责人歌蕾蒂娅。日后工作中，我们将有许多合作的机会，但还请把我看做一个外人。我尚不值得您信任。
止颂,https://prts.wiki/w/止颂,6,近卫,近战位,输出,False,弗朗茨，哦，也就是“黑键”，跟我说了这里。我从莱塔尼亚来，我有一把剑，我会一些法术......我能帮上您的忙。
正义骑士号,https://prts.wiki/w/正义骑士号,1,狙击,远程位,"支援机械,支援",True,“滴滴”，“滴滴滴”，“滴滴”......“滴”！（“正义骑士号”，很高兴能跟随红松骑士团的大家一同报道......正义号会很有用！）
水月,https://prts.wiki/w/水月,6,特种,近战位,"输出,控场",False,啊，博士你好，凯尔希医生说从今天开始我就正式纳入博士的指挥啦！虽然可惜依旧不能算正式干员的样子，不过只要是博士找我帮忙，我一定会尽力的。
泡普卡,https://prts.wiki/w/泡普卡,3,近卫,近战位,"群攻,生存",True,行动预备组A6，泡普卡，报道。那个，A6组的大家，总是很吵闹，让博士担心了......泡普卡，知道该怎么做......
泡泡,https://prts.wiki/w/泡泡,4,重装,近战位,防护,False,你就是训练营的老大吗，你叫博士吗？嗯......但你看起来不壮啊......算了，我叫泡泡，是部落里最弱的，你要负责把我训练成第二强的哦。
波登可,https://prts.wiki/w/波登可,4,辅助,远程位,"减速,治疗",True,博士，波登可向你问好！有空的话，博士也来温室坐坐吧！
泥岩,https://prts.wiki/w/泥岩,6,重装,近战位,"生存,防护,输出",False,萨卡兹雇佣兵，泥岩......您就是博士吗，罗德岛救了我不止一次，现在，请让我回报您吧。
泰拉大陆调查团,https://prts.wiki/w/泰拉大陆调查团,1,狙击,远程位,控场,False,听从阁下的召唤喵，艾露猫特别行动小组......最优秀的第一期泰拉大陆调查团来也！喵！不要踩我的脑袋喵！
洋灰,https://prts.wiki/w/洋灰,5,重装,近战位,防护,False,啊，你就是大家说的博士！我是新来的工程部干员，也是雷姆必拓夏娜工程小队的工头，这是我的名片。
洛洛,https://prts.wiki/w/洛洛,5,术师,远程位,输出,False,伦蒂尼姆市民自救军术师，洛洛，向你报到。博士，我们曾经有一些误会，但我不会再被那些偏见蒙蔽，希望我们能愉快地合作。
流明,https://prts.wiki/w/流明,6,医疗,远程位,"治疗,支援",False,您就是......博士吗？初次见面，我的代号是“流明”，今后会作为罗德岛的一员行动。就算只能为您提供一丝微弱的光，我也会竭尽全力。
流星,https://prts.wiki/w/流星,4,狙击,远程位,"输出,削弱",True,你好，我是流星，来自森林的弓箭手。您需要擅长远程援护的干员吗？
浊心斯卡蒂,https://prts.wiki/w/浊心斯卡蒂,6,辅助,远程位,"支援,生存,输出",False,我在等你，博士。我等你太久，太久了，我甚至已经忘了为什么要在这里等你......不过这些都不重要了。不再那么重要了。
海沫,https://prts.wiki/w/海沫,5,近卫,近战位,输出,False,所以，你就是那个“博士”了。我想我没什么可对自己做介绍的。我能够站在这里，也就意味着你已经阅览并批复了所有，关于我的文件吧。
海蒂,https://prts.wiki/w/海蒂,5,辅助,远程位,"支援,治疗",False,从很久以前开始，我就想见见罗德岛的各位了。很高兴再认识你一次，博士，叫我海蒂就好。
涤火杰西卡,https://prts.wiki/w/涤火杰西卡,6,重装,近战位,"防护,生存,输出",False,有很长一段时间没见了，博士，很开心还能为您做事。是啊，我是有了很多变化。如果能抽出时间来，我真的很想和您聊聊......
淬羽赫默,https://prts.wiki/w/淬羽赫默,6,辅助,远程位,"支援,生存,治疗",False,博士，往后我在罗德岛的逗留时间会不可避免地有所减少。但是有一点我可以保证，我与罗德岛的联系只会更加紧密，因为我相信罗德岛，也相信你。
深律,https://prts.wiki/w/深律,5,重装,近战位,"防护,治疗",False,博士，我受莱塔尼亚女皇赫琳玛特所托来此，希望接下来能与您保持友好交流。我可以做您的信使，也可以做您的乐手。
深海色,https://prts.wiki/w/深海色,4,辅助,远程位,召唤,False,请叫我“深海色”。我的职业是画家，对，只是一个“画家”哦。
深靛,https://prts.wiki/w/深靛,4,术师,远程位,"输出,控场",False,你好，博士，我叫艾莉亚......呃，不对，是深靛。我以前是一名灯塔看守人......见习的。现在是一名术师，还是......见习的。
清流,https://prts.wiki/w/清流,4,医疗,远程位,"治疗,支援",True,您好！我是城邦水道清理人，代号清流！今后贵舰的用水卫生安全就请放心交给我~啊，这是我从老家带来的腌菜，大家都可以尝尝，保证好吃~
清道夫,https://prts.wiki/w/清道夫,4,先锋,近战位,"费用回复,输出",True,我是清道夫，肮脏的工作我来做，你和那些家伙一样，只要付钱就行了。
温米,https://prts.wiki/w/温米,5,术师,远程位,"元素,爆发",False,博士，又见面啦，想念雷姆必拓风味的炖菜吗？我正要和兰娜姐去后厨看......我不是小锅盖，请不要再叫我小锅盖啦——
温蒂,https://prts.wiki/w/温蒂,6,特种,近战位,"位移,输出,控场",True,你好，我是罗德岛工程部的温蒂，很早以前就听说过博士的大名了，希望之后能多多指教。啊，握手的话请用这边带着手套的右手。
澄闪,https://prts.wiki/w/澄闪,6,术师,远程位,输出,False,终于到了......您好，博士，我是新就任的干员澄闪，以后就有劳您指导了。
濯尘芙蓉,https://prts.wiki/w/濯尘芙蓉,5,医疗,远程位,治疗,False,博士，我回来了——博士，这一次外勤工作的时间是比较长，可也不要用不认识的眼神看着我啊......医疗干员芙蓉，向您报到。
火哨,https://prts.wiki/w/火哨,5,重装,近战位,"输出,防护",False,感谢您选择与我司合作！我是火哨安保公司的负责人，我叫——欸？干员代号？嗯......直接叫我火哨好了！没错，这也是提升客户认知度的重要环节！
火神,https://prts.wiki/w/火神,5,重装,近战位,"生存,防护,输出",True,他们都叫我火神。如果需要的话，我可以给你们损毁的武器做维护，另外......我需要的锻冶设备就在这张图纸里。
火龙S黑角,https://prts.wiki/w/火龙S黑角,5,近卫,近战位,"生存,输出",False,干员黑角，带着新的装备来接受博士的指挥了！不管敌人是暴徒还是凶恶的生物，都交给俺来处理吧！
灰喉,https://prts.wiki/w/灰喉,5,狙击,远程位,输出,True,你就是博士？我听阿米娅提起过你，我就是灰喉，请不要让我失望。
灰毫,https://prts.wiki/w/灰毫,5,重装,近战位,"输出,防护",False,红松骑士团，“灰毫”，格蕾纳蒂。感谢罗德岛的接纳。
灰烬,https://prts.wiki/w/灰烬,6,狙击,远程位,输出,False,彩虹小队成员，代号灰烬，已获得行动授权，请开始部署任务。
灵知,https://prts.wiki/w/灵知,6,辅助,远程位,削弱,False,罗德岛的博士，久仰大名，你可以叫我灵知，自从罗德岛与喀兰建立起关系后我一直想要见一见你。
炎客,https://prts.wiki/w/炎客,5,近卫,近战位,"输出,生存",False,又见面了，博士。不要紧，我知道你现在的情况，也对你没有威胁。请把我当做武器来运用，博士。
炎熔,https://prts.wiki/w/炎熔,3,术师,远程位,群攻,True,炎熔、术师。因为无聊想找点事做，所以就随便加入你们这了......但听说我的天敌也在这里，所以我能现在就辞职吗？
炎狱炎熔,https://prts.wiki/w/炎狱炎熔,5,术师,远程位,输出,False,喂，等等，谁让你不敲门进来的——啊，是博士啊。为什么要换上这身？啊......准备去训练场再试探一下自身技艺的极限。要来看看吗，博士？
烈夏,https://prts.wiki/w/烈夏,5,近卫,近战位,"输出,支援",False,欸，博士，我们都这么熟了，我真的有必要做这种事吗？走一下形式？好吧。乌萨斯学生自治团，烈夏，报到！
焰尾,https://prts.wiki/w/焰尾,6,先锋,近战位,"费用回复,生存",False,红松骑士团团长，焰尾骑士，索娜！您就是博士？唔......嗯......虽然和想象的不太一样，不过算啦，以后就要靠您了，博士！
焰影苇草,https://prts.wiki/w/焰影苇草,6,医疗,远程位,"治疗,输出,削弱",False,我知道，你们会有很多新的问题，关于我的身份、我的目的......但，我仍然只是苇草。
煌,https://prts.wiki/w/煌,6,近卫,近战位,"输出,生存",True,罗德岛干员，煌，向你报道。拿着，这是可以直接调遣我的权限认可书，凯尔希医生已经签了名了。好了博士，就让其他小队看看我们的本事吧！
熔泉,https://prts.wiki/w/熔泉,5,狙击,远程位,输出,False,阿丽安罗特，代号熔泉。我不喜欢给普通人干活，希望你能表现出自己有别于常人的地方。
燧石,https://prts.wiki/w/燧石,5,近卫,近战位,输出,True,又见面了啊，我是我们部族最高大强壮的战士，燧石。听说你们这里有很多很强的家伙？很好，我会挨个去挑战。啊对了，你知道在哪儿能找到煌大头目吗？
爱丽丝,https://prts.wiki/w/爱丽丝,5,术师,远程位,输出,False,我是爱丽丝，梦城堡的主人，摇篮的守门人。按照约定，前来归还曾被客人寄存在城堡的东西......奇怪，我怎么找不到那位客人在哪里？
特米米,https://prts.wiki/w/特米米,5,术师,远程位,"输出,生存",False,您好，博士。呃我不是来捣乱的，我是，嗯，学习，对，来学习的。嘉维尔都过来了，我也不好一个人待在家乡，对吧。
狮蝎,https://prts.wiki/w/狮蝎,5,特种,近战位,"输出,生存",True,我是狮蝎，能力是，悄无声息地夺走别人的生命......请别害怕，这次的目标，不是你......
猎蜂,https://prts.wiki/w/猎蜂,4,近卫,近战位,输出,True,哟！老板您眼光不错嘛！世上最强的地下拳手，就是我猎蜂！
玛恩纳,https://prts.wiki/w/玛恩纳,6,近卫,近战位,"输出,爆发",False,玛恩纳·临光，根据合同条款，协助罗德岛在卡西米尔境内的业务......您此前已经知晓本人姓名。我并非骑士，也没有封号。
玫兰莎,https://prts.wiki/w/玫兰莎,3,近卫,近战位,"输出,生存",True,......玫兰莎。从现在起，我的利刃将为您所用。
玫拉,https://prts.wiki/w/玫拉,5,狙击,远程位,"输出,爆发",False,初次见面，博士，以后我将作为外勤干员为您服务。希望我的火力不会辜负您的期望。
琳琅诗怀雅,https://prts.wiki/w/琳琅诗怀雅,6,特种,近战位,"快速复活,爆发",False,好久不见，博士。咳咳，重新自我介绍一下，龙门近卫局“准局长”，碧翠克斯·施怀雅——我真的是局长！谁说近卫局局长就不能放假？
琴柳,https://prts.wiki/w/琴柳,6,先锋,近战位,"费用回复,支援",False,您就是罗德岛的指挥官？新人琴柳，向您报到！
瑕光,https://prts.wiki/w/瑕光,6,重装,近战位,"防护,治疗,输出",False,卡西米尔骑士，代号“瑕光”，嘿——早就听姐姐说过很多你的事情啦，博士，直接喊我玛莉娅也可以哦？
白金,https://prts.wiki/w/白金,5,狙击,远程位,输出,True,卡西米尔无胄盟刺客，依约而来。怎么称呼？嗯......就叫我白金吧，请多关照咯。
白铁,https://prts.wiki/w/白铁,6,辅助,近战位,"支援,输出",False,博士，我们都一起冒过那么多次险了，还需要这几张纸来体现交情吗？等等，你说签了这份合同之后，工程部的宝贝们随我拆？说好了啊，“白铁”——搞定。
白雪,https://prts.wiki/w/白雪,4,狙击,远程位,"群攻,减速",True,白雪，依照文月公主的嘱托，协助陈小姐行动，并听从你的差遣。
白面鸮,https://prts.wiki/w/白面鸮,5,医疗,远程位,"治疗,支援",True,前莱茵生命数据维护员白面鸮，如果方便的话，请使用命令行完成您所需的操作。
百炼嘉维尔,https://prts.wiki/w/百炼嘉维尔,6,近卫,近战位,"爆发,输出,生存",False,停，博士，我知道你想问什么，我的档案还在医疗部挂着呢。只是凯尔希医生说的也对，医生在前线横冲直撞对医疗部的风评确实不好，所以以后我就用这一身上了。
真理,https://prts.wiki/w/真理,5,辅助,远程位,"减速,输出",True,我是真理，虽然还是一名学生，却因为会使用法术，所以就被招募了......是啊，身为学生却站在这种地方，真是奇怪，不是吗？
石棉,https://prts.wiki/w/石棉,5,重装,近战位,"防护,输出",True,虽然我一年里至少有一半时间在外探险，但工资我要正常待遇，也要给我留一间宿舍，你要这样的员工？......要了？哈？啧，神经。
石英,https://prts.wiki/w/石英,4,近卫,近战位,输出,False,博士您好，我是石英......我应该没有迟到。
砾,https://prts.wiki/w/砾,4,特种,近战位,"快速复活,防护",True,啾——嗯？怎么脸红了？这只是初见的问候，可没什么其他的意思哦。那么，卡西米尔骑士砾，就请您多有包涵啦，嘻嘻。
稀音,https://prts.wiki/w/稀音,5,辅助,远程位,"召唤,支援",False,“摄影师稀音与摄影辅助机器人镜头，很高兴能认识你。”您好。
空,https://prts.wiki/w/空,5,辅助,远程位,"支援,治疗",False,(｡･∀･)ﾉﾞ嗨！我是来自MSR的，大家的偶像空~！呃，抱歉抱歉~这种风格的自我介绍，好像不太适合罗德岛吧。呜......
空弦,https://prts.wiki/w/空弦,6,狙击,远程位,输出,False,兰登修道院所属修士，干员空弦，为了重建闻名遐迩的兰登修道院，今日起与贵司正式合作，请博士务必过目一下这些商务合作条款！
空构,https://prts.wiki/w/空构,5,特种,远程位,"支援,输出",False,拉特兰教皇厅第六厅外派人员，空构，前来罗德岛交流。对了，为了避免安全检查，我的行李上有会自爆的小机关哦。嗯，行李里也不一定都是安全物品。
空爆,https://prts.wiki/w/空爆,3,狙击,远程位,群攻,True,行动预备组A6，空爆，前来报道！哎呀~我一眼就能看出来，你和那个死板的，啊不，令人尊敬的教官杜宾小姐，可是一点都不一样，对吧？
米格鲁,https://prts.wiki/w/米格鲁,3,重装,近战位,防护,True,我是米格鲁！虽然，招募评定的成绩不太理想，但就算作为实习生我也会努力帮忙的！
絮雨,https://prts.wiki/w/絮雨,5,医疗,远程位,治疗,False,我的代号是絮雨，不过是一介巡游医师。如果可以的话，就将我当做在屋檐下避雨的旅人吧，请不要太在意我的事......
红,https://prts.wiki/w/红,5,特种,近战位,"快速复活,控场",True,猎狼人，红，闻到了狼的气息。
红云,https://prts.wiki/w/红云,4,狙击,远程位,输出,True,红云，猎人。给我工作吧，你不会失望的。
红豆,https://prts.wiki/w/红豆,4,先锋,近战位,"输出,费用回复",True,请问，这里是博士的办公室吗，我找博士很久了，麻烦你......什么？你就是博士？哼哼，干员红豆来报到了！
红隼,https://prts.wiki/w/红隼,5,先锋,近战位,"费用回复,输出",False,既然我选择站在这里，那脚下这片土地就是我新的家园。
纯烬艾雅法拉,https://prts.wiki/w/纯烬艾雅法拉,6,医疗,远程位,治疗,False,前辈，我回来啦，这些是带给你们的礼物，我等下拿去送给凯尔希医生和阿米娅。这次汐斯塔的火山爆发，我拿到了不少新数据和标本，前辈要来一起看看吗？
绮良,https://prts.wiki/w/绮良,5,特种,近战位,"输出,生存",False,......您好，我是绮良。......那个，如果没什么事了的话，我可以走了吗？
维荻,https://prts.wiki/w/维荻,4,特种,近战位,"生存,快速复活",False,我需要一份工作，而作为一家制药公司，罗德岛想必不会拒绝一名经验丰富的植物猎人。所谓植物猎人，就是......啊？在这里签字就可以了？真的？
缄默德克萨斯,https://prts.wiki/w/缄默德克萨斯,6,特种,近战位,"快速复活,输出",False,又见面了，博士。叙拉古的雨季容易弄湿尾巴，这里的环境更舒适。别担心，快递业务能天使她们会继续受理，不过，如果仍有指派给我个人的任务，我也会执行。
缠丸,https://prts.wiki/w/缠丸,4,近卫,近战位,"生存,输出",True,缠丸，现在正式加入罗德岛！我来负责战斗，指挥就交给博士你了！
缪尔赛思,https://prts.wiki/w/缪尔赛思,6,先锋,远程位,"费用回复,控场",False,莱茵生命，生态科主任，缪尔赛思。不过我们之间应该不需要这么正式的问候吧，博士。毕竟，我们早就是朋友了。
罗宾,https://prts.wiki/w/罗宾,5,特种,远程位,"召唤,位移",False,你好，博士，我是新加入的干员，请叫我罗宾就好。我很缺钱，所以如果不嫌弃的话，请尽管差遣我吧。
罗小黑,https://prts.wiki/w/罗小黑,4,近卫,近战位,输出,False,博士你好，我叫小黑，是个妖精。
罗比菈塔,https://prts.wiki/w/罗比菈塔,4,辅助,近战位,"防护,支援",False,您好，我是罗比菈塔，又见面啦！请问在这里签名的话，我是不是就可以成为您的专属造型师了？咦......“成为干员”？随便啦，能留下就没问题。
羽毛笔,https://prts.wiki/w/羽毛笔,5,近卫,近战位,输出,False,博士，你好，我是陈小姐推荐来的，名字是拉菲艾拉，今天开始正式加入罗德岛。欸，代号？唔......就叫我羽毛笔吧。
翎羽,https://prts.wiki/w/翎羽,3,先锋,近战位,"输出,费用回复",True,翎羽，原属拉特兰戍卫队，愿意成为你的戟、你的羽翼，为了你的生命而战。
耀骑士临光,https://prts.wiki/w/耀骑士临光,6,近卫,近战位,输出,False,誓言，信赖，从来不会被时间改变，不是么，博士？耀骑士玛嘉烈·临光，归列。
老鲤,https://prts.wiki/w/老鲤,6,特种,近战位,"快速复活,生存,输出",False,你好你好，阁下就是博士？我家的雇员承蒙罗德岛照顾了，他们没给诸位添什么麻烦吧？对了，这是事务所的名片，您收好。
耶拉,https://prts.wiki/w/耶拉,5,术师,远程位,"输出,控场",False,嘘......博士，我这次是陪恩雅偷偷来的，你可不要告诉恩希亚还有喀兰贸易的人，不然的话，她就麻烦了。
能天使,https://prts.wiki/w/能天使,6,狙击,远程位,输出,True,口令是“企鹅帝国万岁”，你就是雇主吗？叫我能天使。我和那个冷淡的鲁珀人可不一样，你要是想找点有趣的事做，随时都可以来叫我！
至简,https://prts.wiki/w/至简,5,术师,远程位,输出,False,我是被嘉维尔拖来的新干员至简。原来这就是移动舰船啊，那你们躲天灾比在地下方便多了。哼，那些人一天就知道乐呵呵地喝酒——嘉维尔你打我干什么！
艾丝黛尔,https://prts.wiki/w/艾丝黛尔,4,近卫,近战位,"群攻,生存",True,您、您好......那个，呃，对不起......我的角不小心把您办公室的门捅穿......了......
艾丽妮,https://prts.wiki/w/艾丽妮,6,近卫,近战位,"爆发,输出,控场",False,伊比利亚审判庭信使，艾丽妮。你就是罗德岛的博士？那几个阿戈尔的猎人好像很信任你......接下来的合作中，让我看看你的特别之处吧。
艾雅法拉,https://prts.wiki/w/艾雅法拉,6,术师,远程位,"输出,削弱",False,我是艾雅法拉，加入罗德岛前一直在研究火山地质。因为矿石病的影响，我的听力不太好，也许，以后要多多麻烦您了，前辈~
芙兰卡,https://prts.wiki/w/芙兰卡,5,近卫,近战位,"输出,生存",False,防化干员芙兰卡，为了最大限度抑制矿石带来的污染，就让我贡献一份力量吧。
芙蓉,https://prts.wiki/w/芙蓉,3,医疗,远程位,治疗,True,实习医生芙蓉，今天开始，我会负责您和罗德岛各位干员的健康管理项目，请多多关照！
芬,https://prts.wiki/w/芬,3,先锋,近战位,费用回复,True,我是芬，长枪手，现在正担任着行动预备组A1的队长一职。我和我的小队一定会竭尽全力，成为罗德岛可靠的战力。
芳汀,https://prts.wiki/w/芳汀,4,近卫,近战位,输出,True,代号芳汀，今天起正式加入。你就是博士啊......那就让我们试着好好相处吧，博士老师。
苇草,https://prts.wiki/w/苇草,5,先锋,近战位,"费用回复,输出",True,是你们......救起了我吗？想知道我的名字？......就叫我“苇草”吧......就像池边的芦苇，怎么样，都可以的......
苍苔,https://prts.wiki/w/苍苔,5,近卫,近战位,"输出,支援",False,博士你好，我是埃尼斯，从今天起就正式加入罗德岛了。啊？代号？我想想......就叫“苍苔”吧，希望我能像青苔一样，在山岩和礁石上留下脚印。
苏苏洛,https://prts.wiki/w/苏苏洛,4,医疗,远程位,治疗,True,医疗干员苏苏洛向您报道。即使博士您身兼多种要职，是干员们的导师，但医生的话，您也是要听的哦。
苦艾,https://prts.wiki/w/苦艾,5,术师,远程位,输出,False,感谢救助，我这条命算是欠你们的。虽然能做的不多，但以后如果有用得着我的地方，尽管说。代号？......嗯，就叫我苦艾吧。
莫斯提马,https://prts.wiki/w/莫斯提马,6,术师,远程位,"群攻,支援,控场",True,你好，博士，我是莫斯提马。你应该听大帝说过，我不受罗德岛与企鹅物流的合约约束，可以自由行动。不过，闲时我也会在罗德岛逗留。那么，请多指教。
莱伊,https://prts.wiki/w/莱伊,6,狙击,远程位,输出,False,我通过干员测试了，博士，谢谢你们的邀请。那趟追寻之旅结束了，但我想在这艘船上找到新的目标。
莱恩哈特,https://prts.wiki/w/莱恩哈特,5,术师,远程位,"群攻,爆发",True,天灾信使莱恩哈特，不知道博士你之前有没有在哪听说过？没有？啊，那就好办了，看来我不用像之前被人事姐姐缠住时一样再讲一遍故事了。
菲亚梅塔,https://prts.wiki/w/菲亚梅塔,6,狙击,远程位,输出,False,我的职责是监视莫斯提马，在这里我也会和她一起行动，没问题吧。要取代号？......直接叫我菲亚梅塔就行，老头子们起的那些名字我已经受够了。
蓝毒,https://prts.wiki/w/蓝毒,5,狙击,远程位,输出,True,初次见面，我是蓝毒，想必您已经听凯尔希医生提起过我，那么，该如何运用我这“毒物”的能力，就交由您来决定了。
薄绿,https://prts.wiki/w/薄绿,5,术师,远程位,"群攻,控场",False,谢谢你陪我一起搬这些书，放在这里就可以了。那个，我的代号是薄绿，你呢？......欸，博士？你就是天火学姐说的那个博士吗？
薇薇安娜,https://prts.wiki/w/薇薇安娜,6,近卫,近战位,"输出,生存",False,您好，玛嘉烈向我提起过您。可惜在大骑士领的时候，我们没有机会认识......当时我还被称作“烛骑士”。叫我薇薇安娜吧，博士。
蚀清,https://prts.wiki/w/蚀清,5,术师,远程位,"群攻,削弱",False,您好，博士。雷神工业派驻人员，蚀清，想必您已在百忙之中过目了相关的合同与表单。那么，请容我获知之后的工作安排流程吧。
蛇屠箱,https://prts.wiki/w/蛇屠箱,4,重装,近战位,防护,True,欸？这里是什么地方？我是谁？
蜜莓,https://prts.wiki/w/蜜莓,5,医疗,远程位,治疗,False,您好，我是新加入医疗部的实习医师蜜莓，您就是博士吧？......嗯，和凯尔希医生说的一样，博士和其他人不太一样，只要看到就一定不会认错。
蜜蜡,https://prts.wiki/w/蜜蜡,5,术师,远程位,"群攻,防护",True,......。啊，抱歉，我走神了。你好，博士，我是，我的代号是，呃......对了，我想起来了，是蜜蜡。好听吗？这是最近我的家族的人给我取的！
褐果,https://prts.wiki/w/褐果,4,医疗,远程位,治疗,False,博士，初次见面，这个送给你。是我用搜集来的矿物做的标本箱，天青石、绿松石、梅花碧玺、玉髓......
见行者,https://prts.wiki/w/见行者,5,特种,近战位,"位移,控场",False,您好，我是经由中庭公证所外调协议派遣来罗德岛的职员。代号？嗯......您叫我见行者就好。这是协议的相关文件，接下来一段时间就麻烦您了。
角峰,https://prts.wiki/w/角峰,4,重装,近战位,防护,True,同盟者，在此对您致以雪境之礼。我是银灰老爷此次派驻的护卫之一，代号为角峰。
讯使,https://prts.wiki/w/讯使,4,先锋,近战位,"费用回复,防护",False,尊敬的罗德岛领袖，您的盟友，雪境的讯使在此。您与银灰老板的契约期内，碰上困难，就试着打个响指呼唤在下吧。
诗怀雅,https://prts.wiki/w/诗怀雅,5,近卫,近战位,"输出,支援",True,龙门高级警司诗怀雅，现在，作为训练顾问，受聘于罗德岛。博士，为了龙门的未来，我们两人可得好好相处！
调香师,https://prts.wiki/w/调香师,4,医疗,远程位,治疗,True,初次见面，博士。我是调香师莱娜。您听说过调香师这种职业吗？
谜图,https://prts.wiki/w/谜图,5,先锋,近战位,"费用回复,快速复活",False,您应该已经收到了公爵亲署的信函，接下来我会使用“谜图”这个代号驻舰活动。不用费心调查，我会将所有可以公开的个人资料交给您。
豆苗,https://prts.wiki/w/豆苗,4,先锋,远程位,"费用回复,召唤",False,你好，博士，我是豆苗，从今天起加入......欸，包里？啊，这个小家伙叫豌豆黄。来，豆豆，和博士打个招呼吧。
贝娜,https://prts.wiki/w/贝娜,5,特种,近战位,"输出,快速复活",False,我叫贝娜，来找一个出门就忘了回家的笨蛋。听说她还有些活要干，没办法，我也在这陪她一会好了。
贾维,https://prts.wiki/w/贾维,5,先锋,近战位,"费用回复,输出",True,嘿，你就是博士吧？你好你好，幸会幸会，小爷贾维，今天起就是你的手下了！
赤冬,https://prts.wiki/w/赤冬,5,近卫,近战位,"生存,输出",False,赤冬，剑士，最强的那种。我的刀？无论在哪，我都不会放下刀。哈哈，怕了的话躲远一些。
赫德雷,https://prts.wiki/w/赫德雷,6,近卫,近战位,输出,False,令人怀念的地方，博士。这份委托的细节我并不在意，只是关于报酬，除了赏金之外，我还有些更好的想法。
赫拉格,https://prts.wiki/w/赫拉格,6,近卫,近战位,"输出,生存",True,赫拉格，一介被感染了的武夫。为了重建我的诊所“阿撒兹勒”以及保护我的家人，我愿意和罗德岛合作。事先声明，我不懂医术。
赫默,https://prts.wiki/w/赫默,5,医疗,远程位,治疗,True,奥利维亚·赫默，莱茵生命医学研究所的源石研究者。清除这个世界上所有的矿石病，这是我的愿望，即使为此面临生命危险也不会改变。
跃跃,https://prts.wiki/w/跃跃,4,狙击,远程位,输出,False,跃跃，或者随你怎么叫都行，能站在你面前还不够证明我的本事吗？今后我就替你做事啦，好好期待吧，你可别让我腻了哦。
车尔尼,https://prts.wiki/w/车尔尼,5,重装,近战位,"防护,输出",False,博士您好，我是车尔尼，我的魅力与趣味，已经全部倾注在我的乐曲之中，至于我本人，不过是一个乏善可陈的乐手而已，无需多做介绍。
达格达,https://prts.wiki/w/达格达,5,近卫,近战位,"输出,生存",False,塔楼骑士伊莎贝尔·孟塔古，代表推进之王与我们的小同盟，向您致意。我穿得不像骑士？可、可不能以貌取人！
远山,https://prts.wiki/w/远山,4,术师,远程位,群攻,True,遵从阿尔克纳的指引，我的命运终于与您交汇了，博士。
远牙,https://prts.wiki/w/远牙,6,狙击,远程位,输出,False,红松骑士团所属骑士，“远牙”查丝汀娜，叫我远牙就好。我听过关于罗德岛，还有你的事，博士。
迷迭香,https://prts.wiki/w/迷迭香,6,狙击,远程位,输出,False,你好博士，精英干员迷迭香来报道了。凯尔希批准了，你现在可以指挥我和我的小队。把我的能力用在对的地方吧，博士。对了，我很容易忘事，记得提醒我。
送葬人,https://prts.wiki/w/送葬人,5,狙击,远程位,群攻,True,罗德岛的博士，你好。我是与贵司签署了清理协议的拉特兰公民，这里是我的证件。一定要知道怎么称呼我？你可以叫我送葬人，如果你坚持的话。
酸糖,https://prts.wiki/w/酸糖,4,狙击,远程位,输出,True,干员，酸糖，这块滑板是登记的装备，嗯，有什么问题尽管交给我吧。
重岳,https://prts.wiki/w/重岳,6,近卫,近战位,爆发,False,博士，有劳你照顾我那几个妹妹，接下来我也会在罗德岛叨扰一段时间。你称呼我“重岳”便好......是位故人取的名字。
野鬃,https://prts.wiki/w/野鬃,5,先锋,近战位,"费用回复,输出",False,“野鬃”艾沃娜，我是红松骑士团的骑士。索娜说这里对感染者很友好？那就行。
铃兰,https://prts.wiki/w/铃兰,6,辅助,远程位,"减速,支援,输出",True,罗德岛干员丽萨......啊不对，是铃兰，干员铃兰！是我自己挑的代号喔，今天开始正式作为干员行动，请多指教！
铅踝,https://prts.wiki/w/铅踝,4,狙击,远程位,输出,False,博士你好，我是铅踝，擅长远距离狙击，工作日内若有大小任务都可以交付给我。
铎铃,https://prts.wiki/w/铎铃,5,近卫,近战位,输出,False,您好，请问您是这里的负责人博士吗？听说这里可以用劳动换取治疗矿石病的机会......叫我铎铃吧，是一个代表希望的名字。
银灰,https://prts.wiki/w/银灰,6,近卫,近战位,"输出,支援",True,银灰，你的盟友，前来助力。你不会让我失望的，对吗。
铸铁,https://prts.wiki/w/铸铁,5,近卫,近战位,"生存,输出",False,初次见面，新雇主，本人是科林尼亚的雇佣兵，铸铁。手续已经完成了，接下来请期待我的工作成果。
锏,https://prts.wiki/w/锏,6,近卫,近战位,"爆发,输出,削弱",False,锏。代号？你可以当作这就是我的名字。我看过合同了，我的工作内容看起来并没有什么区别，只是换了一个保护对象而已。
锡兰,https://prts.wiki/w/锡兰,5,医疗,远程位,治疗,False,你好，我是锡兰，维多利亚国立大学毕业，专攻方向是源石研究，经过凯尔希医生批准，从今天起在罗德岛实习，请多关照，博士。
闪击,https://prts.wiki/w/闪击,5,重装,近战位,"防护,输出",False,彩虹小队成员，代号闪击。你下令，我就把盾拍在目标脸上！
闪灵,https://prts.wiki/w/闪灵,6,医疗,远程位,"治疗,支援",True,巡回医师闪灵。你在哪里见过我吗？或许在旅途中，我们也曾擦肩而过。
阿,https://prts.wiki/w/阿,6,特种,远程位,"支援,输出",True,你就是博士吧？幸会幸会。我叫阿，对，就是阿——的阿。事务所在罗德岛有些事情要处理，所以我就来了。事先问问，你对医疗事故敏感吗？
阿消,https://prts.wiki/w/阿消,4,特种,近战位,位移,True,博士长官您好，龙门消防署警员阿消向您报道！
阿米娅,https://prts.wiki/w/阿米娅,5,术师,远程位,输出,False,博士，能再见到您......真是太好了。今后我们同行的路还很长，所以，请您多多关照！
阿米娅(近卫),https://prts.wiki/w/阿米娅(近卫),5,近卫,近战位,"输出,支援",False,博士，见到你真好。我这样子？唔，别害怕......我会解释的。不过，放心吧博士，不管发生什么，我都不会让你受到一点伤害。我发誓。
陈,https://prts.wiki/w/陈,6,近卫,近战位,"爆发,输出",True,陈，龙门近卫局特别督察组组长。基于一些特殊原因，我要暂时留在这里一段时间。之前的合作中，我想我们已经彼此了解了，请马上带我去工作现场吧。
陨星,https://prts.wiki/w/陨星,5,狙击,远程位,"群攻,削弱",True,代号陨星，职业是自由佣兵。如你所见，是萨卡兹人。即使这样，你还依然打算雇佣我吗？
隐现,https://prts.wiki/w/隐现,5,狙击,远程位,输出,False,拉特兰公证所外派人员，隐现，这是合作相关文件。请问接下来我需要去哪个办公室？事关罗德岛对我的第一印象，我可千万不能出什么差错啊。
雪绒,https://prts.wiki/w/雪绒,5,术师,远程位,"输出,控场",False,忘问刚才那个佩洛先生我应该怎么称呼您了，其实“公司”这个词我都只在哥伦比亚人那里听到过，我应该叫您“老板”吗？——叫“博士”就好？我记住了！
雪雉,https://prts.wiki/w/雪雉,5,特种,近战位,"位移,减速",False,呜，我的头！不好意思，您、您就是博士？初次见面，我叫雪雉，对不起，不该低着头走路的......
雷蛇,https://prts.wiki/w/雷蛇,5,重装,近战位,"防护,输出",True,重装干员雷蛇，待命中。我曾参与数次要人保全、据点攻坚、人质解救、威胁肃清的特种行动。在此次派遣行动期间，我会严格保障您的人身安全。
霍尔海雅,https://prts.wiki/w/霍尔海雅,6,术师,远程位,"输出,控场",False,我此行不代表梅兰德基金会，也不代表莱茵生命，单纯是霍尔海雅个人想要与罗德岛有进一步的接触......你是要松开我的手？我的自我介绍可还没结束。
霜华,https://prts.wiki/w/霜华,5,特种,远程位,"召唤,控场",False,彩虹小队所属，代号霜华，请下命令吧，长官。
霜叶,https://prts.wiki/w/霜叶,4,近卫,近战位,"减速,输出",True,霜叶，前佣兵，现在，是你的干员。随意调遣我吧，我什么都能做。
青枳,https://prts.wiki/w/青枳,5,先锋,近战位,"费用回复,防护",False,您就是锡兰小姐说的博士了吧？我是青枳，谢谢你们愿意给我们这些工人提供治疗。这个代号？是一种和我发色很像的水果，工人们喜欢把它的汁挤在酒里。
鞭刃,https://prts.wiki/w/鞭刃,5,近卫,近战位,"输出,支援",False,啊，这里就是罗德岛了吧？鞭刃佐菲娅，就这么叫我吧。作为卡西米尔的前竞技骑士，我会好好训练你的雇员的。
风丸,https://prts.wiki/w/风丸,5,特种,近战位,"输出,快速复活",False,您好，博士，罗德岛驻外干员，风丸，从今天起将在这里任职。
风笛,https://prts.wiki/w/风笛,6,先锋,近战位,"费用回复,输出",True,你好！你就是博士，对不对？龙门的陈警司说我可以在这找到帮手！要先签名？嗯，风——笛——好了！欸？“成为干员”？“全日驻舰”？那是什么呀！
食铁兽,https://prts.wiki/w/食铁兽,5,特种,近战位,"位移,减速",True,以前在哪儿见过我？那肯定是在银幕上啦~不过现在的我叫食铁兽呢，以后的工作安排就麻烦你了哦。
香草,https://prts.wiki/w/香草,3,先锋,近战位,费用回复,True,香草，以受训干员的身份前来学习。博士阁下，今后就请您多多指教了。
鸿雪,https://prts.wiki/w/鸿雪,6,狙击,远程位,输出,False,您就是博士吧？初次见面，请接受我的谢意，感谢您让我在这片丑陋的大地上有暂时的栖身之处。
麒麟R夜刀,https://prts.wiki/w/麒麟R夜刀,6,特种,近战位,"快速复活,爆发",False,博士。没错，是我。我回来了，A4行动组组长夜刀，向您报到。关于新装备的来历，我已经写在任务汇报中了。
麦哲伦,https://prts.wiki/w/麦哲伦,6,辅助,远程位,"支援,减速,输出",True,莱茵生命科考专员麦哲伦，发现了一艘神秘的科研船？哇哇哇，你，你是罗德岛的博士吧，啊嗯......要不要加入我的探险队呢？很有趣的！
黍,https://prts.wiki/w/黍,6,重装,近战位,"防护,治疗,支援",False,年应该已经和你说了我的名字，“黍”。长兄长姐和我的两个妹妹都在你这里，我像是回了“家”一样。真稀奇，司岁台那个小伙子居然还没找你们的麻烦吗？
黑,https://prts.wiki/w/黑,6,狙击,远程位,输出,True,我是锡兰小姐的私人保镖，黑，跟随小姐加入罗德岛。可能的话，希望尽量让我和小姐一起行动。
黑角,https://prts.wiki/w/黑角,2,重装,近战位,新手,True,重装干员黑角，要员保护的活儿就交给俺吧。
黑键,https://prts.wiki/w/黑键,6,术师,远程位,输出,False,向您致以诚挚的谢意，罗德岛的博士，感谢您收留一个微不足道的落难之人。如果像我这样的庸才都能对罗德岛的事业有所裨益，那真是再好不过了。
龙舌兰,https://prts.wiki/w/龙舌兰,5,近卫,近战位,爆发,False,你好啊，你就是博士吧？太好了，博士和陈小姐描述的一样好认。对了，我是不是也该取个代号？唔......就叫龙舌兰怎么样！还算好听吧？
